Время, с;Напряжение, В;Ток, А
0.358999997377;-2.299139976501;-0.024975894019
0.547999978065;-2.300563097;-0.027747035027
0.727999985218;-2.300563097;-0.025906285271
0.907999992371;-2.300563097;-0.02554417029
1.088000059128;-2.300563097;-0.025378201157
1.268000006676;-2.300563097;-0.025302760303
1.447999954224;-2.300563097;-0.025257496163
1.628000020981;-2.300563097;-0.025227319449
1.807999968529;-2.300563097;-0.025197144598
1.988000035286;-2.300563097;-0.025166967884
2.167999982834;-2.300563097;-0.025151878595
2.348000049591;-2.300563097;-0.025121703744
2.528000116348;-2.300563097;-0.025121703744
2.707999944687;-2.300563097;-0.02509152703
2.888000011444;-2.300563097;-0.02509152703
3.068000078201;-2.300563097;-0.025076439604
3.24799990654;-2.300563097;-0.025076439604
3.427999973297;-2.300563097;-0.025061350316
3.608000040054;-2.300563097;-0.02504626289
3.788000106812;-2.300563097;-0.02504626289
3.96799993515;-2.300563097;-0.02504626289
4.147999763489;-2.300563097;-0.02504626289
4.328000068665;-2.300563097;-0.02504626289
4.507999897003;-2.300563097;-0.02504626289
4.688000202179;-2.300563097;-0.02504626289
4.868000030518;-2.300563097;-0.02504626289
5.047999858856;-2.300563097;-0.025031173602
5.228000164032;-2.300563097;-0.025031173602
5.407999992371;-2.300563097;-0.025031173602
5.587999820709;-2.300563097;-0.025031173602
5.768000125885;-2.300563097;-0.025031173602
5.947999954224;-2.300563097;-0.025016086176
6.127999782562;-2.300563097;-0.02500099875
6.308000087738;-2.300563097;-0.024985909462
6.487999916077;-2.300563097;-0.024985909462
6.668000221252;-2.300563097;-0.024985909462
6.848000049591;-2.300563097;-0.024985909462
7.02799987793;-2.300563097;-0.024985909462
7.208000183105;-2.300563097;-0.024985909462
7.388000011444;-2.300563097;-0.024985909462
7.567999839783;-2.300405025482;-0.024970822036
7.748000144958;-2.300405025482;-0.024970822036
7.927999973297;-2.300563097;-0.024955734611
8.107999801636;-2.300563097;-0.024955734611
8.288000106812;-2.300563097;-0.024955734611
8.468000411987;-2.300405025482;-0.024955734611
8.647999763489;-2.300563097;-0.024955734611
8.828000068665;-2.300563097;-0.024940645322
9.00800037384;-2.300563097;-0.024925557896
9.187999725342;-2.300563097;-0.024910470471
9.368000030518;-2.300563097;-0.024910470471
9.548000335693;-2.300405025482;-0.024895381182
9.727999687195;-2.300563097;-0.024910470471
9.907999992371;-2.300563097;-0.024910470471
10.088000297546;-2.300563097;-0.024910470471
10.267999649048;-2.300563097;-0.024880293757
10.447999954224;-2.300563097;-0.024850117043
10.628000259399;-2.300563097;-0.024850117043
10.807999610901;-2.300563097;-0.024850117043
10.987999916077;-2.300563097;-0.024850117043
11.168000221252;-2.300563097;-0.024850117043
11.347999572754;-2.300563097;-0.024850117043
11.52799987793;-2.300563097;-0.024850117043
11.708000183105;-2.300563097;-0.024850117043
11.887999534607;-2.300563097;-0.024850117043
12.067999839783;-2.300563097;-0.024850117043
12.248000144958;-2.300563097;-0.024850117043
12.428000450134;-2.300563097;-0.024865204468
12.607999801636;-2.300563097;-0.024865204468
12.788000106812;-2.300563097;-0.024865204468
12.968000411987;-2.300563097;-0.024865204468
13.147999763489;-2.300563097;-0.024850117043
13.328000068665;-2.300563097;-0.024850117043
13.50800037384;-2.300563097;-0.024835029617
13.687999725342;-2.300563097;-0.024819940329
13.868000030518;-2.300563097;-0.024819940329
14.048000335693;-2.300563097;-0.024804852903
14.227999687195;-2.300563097;-0.024819940329
14.407999992371;-2.300563097;-0.024804852903
14.588000297546;-2.300563097;-0.024804852903
14.767999649048;-2.300563097;-0.024804852903
14.947999954224;-2.300563097;-0.024819940329
15.128000259399;-2.300563097;-0.024804852903
15.307999610901;-2.300563097;-0.024804852903
15.487999916077;-2.300563097;-0.024804852903
15.668000221252;-2.300563097;-0.024789765477
15.847999572754;-2.300563097;-0.024774676189
16.02799987793;-2.300563097;-0.024774676189
16.208000183105;-2.300563097;-0.024759588763
16.388000488281;-2.300563097;-0.024759588763
16.568000793457;-2.300563097;-0.024759588763
16.747999191284;-2.300563097;-0.024744499475
16.92799949646;-2.300563097;-0.024744499475
17.107999801636;-2.300563097;-0.024729412049
17.288000106812;-2.300563097;-0.024729412049
17.468000411987;-2.300563097;-0.024729412049
17.648000717163;-2.300563097;-0.024729412049
17.82799911499;-2.300563097;-0.024729412049
18.007999420166;-2.300563097;-0.024714324623
18.187999725342;-2.300563097;-0.024714324623
18.368000030518;-2.300563097;-0.024699235335
18.548000335693;-2.300563097;-0.024699235335
18.728000640869;-2.300563097;-0.024684147909
18.908000946045;-2.300563097;-0.024684147909
19.087999343872;-2.300563097;-0.024699235335
19.267999649048;-2.300563097;-0.024684147909
19.447999954224;-2.300563097;-0.024684147909
19.628000259399;-2.300563097;-0.024684147909
19.808000564575;-2.300563097;-0.024684147909
19.988000869751;-2.300563097;-0.024669060484
20.167999267578;-2.300563097;-0.024669060484
20.347999572754;-2.300563097;-0.024669060484
20.52799987793;-2.300563097;-0.024653971195
20.708000183105;-2.300563097;-0.024653971195
20.888000488281;-2.300563097;-0.02463888377
21.068000793457;-2.300563097;-0.02463888377
21.247999191284;-2.300563097;-0.024623796344
21.42799949646;-2.300563097;-0.024623796344
21.607999801636;-2.300563097;-0.024623796344
21.788000106812;-2.300563097;-0.024623796344
21.968000411987;-2.300563097;-0.024623796344
22.148000717163;-2.300563097;-0.024608707055
22.32799911499;-2.300563097;-0.024608707055
22.507999420166;-2.300563097;-0.024608707055
22.687999725342;-2.300563097;-0.024608707055
22.868000030518;-2.300563097;-0.02459361963
23.048000335693;-2.300563097;-0.02459361963
23.228000640869;-2.300563097;-0.02459361963
23.408000946045;-2.300563097;-0.024578530341
23.587999343872;-2.300563097;-0.024563442916
23.767999649048;-2.300563097;-0.02454835549
23.947999954224;-2.300563097;-0.024563442916
24.128000259399;-2.300563097;-0.024563442916
24.308000564575;-2.300563097;-0.024563442916
24.488000869751;-2.300563097;-0.024563442916
24.667999267578;-2.300563097;-0.02454835549
24.847999572754;-2.300563097;-0.024533266202
25.02799987793;-2.300563097;-0.024533266202
25.208000183105;-2.300563097;-0.024518178776
25.388000488281;-2.300563097;-0.02450309135
25.568000793457;-2.300563097;-0.024518178776
25.747999191284;-2.300563097;-0.024518178776
25.92799949646;-2.300563097;-0.02450309135
26.107999801636;-2.300563097;-0.02450309135
26.288000106812;-2.300563097;-0.02450309135
26.468000411987;-2.300563097;-0.024488002062
26.648000717163;-2.300563097;-0.024488002062
26.82799911499;-2.300563097;-0.024472914636
27.007999420166;-2.300563097;-0.02445782721
27.187999725342;-2.300563097;-0.02445782721
27.368000030518;-2.300563097;-0.024472914636
27.548000335693;-2.300563097;-0.024472914636
27.728000640869;-2.300563097;-0.024472914636
27.908000946045;-2.300563097;-0.024472914636
28.087999343872;-2.300563097;-0.02445782721
28.267999649048;-2.300563097;-0.024472914636
28.447999954224;-2.300563097;-0.02445782721
28.628000259399;-2.300563097;-0.02445782721
28.808000564575;-2.300563097;-0.02445782721
28.988000869751;-2.300563097;-0.024442737922
29.167999267578;-2.300563097;-0.024427650496
29.347999572754;-2.300563097;-0.024412561208
29.52799987793;-2.300563097;-0.024412561208
29.708000183105;-2.300563097;-0.024412561208
29.888000488281;-2.300563097;-0.024412561208
30.068000793457;-2.300563097;-0.024412561208
30.247999191284;-2.300563097;-0.024397473782
30.42799949646;-2.300563097;-0.024397473782
30.607999801636;-2.300563097;-0.024397473782
30.788000106812;-2.300563097;-0.024397473782
30.968000411987;-2.300563097;-0.024397473782
31.148000717163;-2.300563097;-0.024382386357
31.32799911499;-2.300563097;-0.024382386357
31.507999420166;-2.300563097;-0.024367297068
31.687999725342;-2.300563097;-0.024367297068
31.868000030518;-2.300563097;-0.024367297068
32.048000335693;-2.300563097;-0.024382386357
32.228000640869;-2.300563097;-0.024397473782
32.408000946045;-2.300563097;-0.024382386357
32.588001251221;-2.300563097;-0.024352209643
32.768001556396;-2.300563097;-0.024337122217
32.948001861572;-2.300563097;-0.024322032928
33.127998352051;-2.300563097;-0.024322032928
33.307998657227;-2.300563097;-0.024322032928
33.487998962402;-2.300563097;-0.024322032928
33.667999267578;-2.300563097;-0.024306945503
33.847999572754;-2.300563097;-0.024322032928
34.02799987793;-2.300563097;-0.024306945503
34.208000183105;-2.300563097;-0.024291856214
34.388000488281;-2.300563097;-0.024291856214
34.568000793457;-2.300563097;-0.024291856214
34.748001098633;-2.300563097;-0.024291856214
34.928001403809;-2.300563097;-0.024291856214
35.108001708984;-2.300563097;-0.024276768789
35.287998199463;-2.300563097;-0.024276768789
35.467998504639;-2.300563097;-0.024261681363
35.647998809814;-2.300563097;-0.024261681363
35.82799911499;-2.300563097;-0.024261681363
36.007999420166;-2.300563097;-0.024246592075
36.187999725342;-2.300563097;-0.024231504649
36.368000030518;-2.300563097;-0.024231504649
36.548000335693;-2.300563097;-0.024246592075
36.728000640869;-2.300563097;-0.024231504649
36.908000946045;-2.300563097;-0.024231504649
37.088001251221;-2.300563097;-0.024231504649
37.268001556396;-2.300563097;-0.024231504649
37.448001861572;-2.300563097;-0.024246592075
37.627998352051;-2.300563097;-0.024231504649
37.807998657227;-2.300563097;-0.024216417223
37.987998962402;-2.300563097;-0.024201327935
38.167999267578;-2.300563097;-0.024201327935
38.347999572754;-2.300563097;-0.024201327935
38.52799987793;-2.300563097;-0.024201327935
38.708000183105;-2.300563097;-0.024201327935
38.888000488281;-2.300563097;-0.024201327935
39.068000793457;-2.300563097;-0.024171153083
39.248001098633;-2.300563097;-0.024171153083
39.428001403809;-2.300563097;-0.024171153083
39.608001708984;-2.300563097;-0.024156063795
39.787998199463;-2.300563097;-0.024156063795
39.967998504639;-2.300563097;-0.024156063795
40.147998809814;-2.300563097;-0.024156063795
40.32799911499;-2.300563097;-0.024140976369
40.507999420166;-2.300563097;-0.024140976369
40.687999725342;-2.300563097;-0.024125887081
40.868000030518;-2.300563097;-0.024125887081
41.048000335693;-2.300563097;-0.024125887081
41.228000640869;-2.300563097;-0.024125887081
41.408000946045;-2.300563097;-0.024125887081
41.588001251221;-2.300563097;-0.024110799655
41.768001556396;-2.300563097;-0.024110799655
41.948001861572;-2.300563097;-0.024110799655
42.127998352051;-2.300563097;-0.02409571223
42.307998657227;-2.300563097;-0.024110799655
42.487998962402;-2.300563097;-0.02409571223
42.667999267578;-2.300563097;-0.02409571223
42.847999572754;-2.300563097;-0.02409571223
43.02799987793;-2.300563097;-0.02409571223
43.208000183105;-2.300563097;-0.024080622941
43.388000488281;-2.300563097;-0.024080622941
43.568000793457;-2.300563097;-0.024080622941
43.748001098633;-2.300563097;-0.024065535516
43.928001403809;-2.300563097;-0.024065535516
44.108001708984;-2.300563097;-0.024080622941
44.287998199463;-2.300563097;-0.024080622941
44.467998504639;-2.300563097;-0.024065535516
44.647998809814;-2.300563097;-0.024065535516
44.82799911499;-2.300563097;-0.024065535516
45.007999420166;-2.300563097;-0.02405044809
45.187999725342;-2.300563097;-0.024035358801
45.368000030518;-2.300563097;-0.024035358801
45.548000335693;-2.300563097;-0.024020271376
45.728000640869;-2.300563097;-0.024035358801
45.908000946045;-2.300563097;-0.024035358801
46.088001251221;-2.300563097;-0.024035358801
46.268001556396;-2.300563097;-0.024035358801
46.448001861572;-2.300563097;-0.024020271376
46.627998352051;-2.300563097;-0.024020271376
46.807998657227;-2.300563097;-0.024020271376
46.987998962402;-2.300563097;-0.024020271376
47.167999267578;-2.300563097;-0.024005182087
47.347999572754;-2.300563097;-0.024005182087
47.52799987793;-2.300563097;-0.024005182087
47.708000183105;-2.300563097;-0.024005182087
47.888000488281;-2.300563097;-0.024005182087
48.068000793457;-2.300563097;-0.024005182087
48.248001098633;-2.300563097;-0.024020271376
48.428001403809;-2.300563097;-0.024035358801
48.608001708984;-2.300563097;-0.024020271376
48.787998199463;-2.300563097;-0.024020271376
48.967998504639;-2.300563097;-0.024020271376
49.147998809814;-2.300563097;-0.024020271376
49.32799911499;-2.300563097;-0.024020271376
49.507999420166;-2.300563097;-0.024020271376
49.687999725342;-2.300563097;-0.024005182087
49.868000030518;-2.300563097;-0.024005182087
50.048000335693;-2.300563097;-0.023990094662
50.228000640869;-2.300563097;-0.023990094662
50.408000946045;-2.300563097;-0.023990094662
50.588001251221;-2.300563097;-0.023975007236
50.768001556396;-2.300563097;-0.023959917948
50.948001861572;-2.300563097;-0.023944830522
51.127998352051;-2.300563097;-0.023944830522
51.307998657227;-2.300563097;-0.023944830522
51.487998962402;-2.300563097;-0.023944830522
51.667999267578;-2.300563097;-0.023944830522
51.847999572754;-2.300563097;-0.023944830522
52.02799987793;-2.300563097;-0.023944830522
52.208000183105;-2.300563097;-0.023944830522
52.388000488281;-2.300563097;-0.023929743096
52.568000793457;-2.300563097;-0.023929743096
52.748001098633;-2.300563097;-0.023929743096
52.928001403809;-2.300563097;-0.023914653808
53.108001708984;-2.300563097;-0.023914653808
53.287998199463;-2.300563097;-0.023899566382
53.467998504639;-2.300563097;-0.023899566382
53.647998809814;-2.300563097;-0.023899566382
53.82799911499;-2.300563097;-0.023899566382
54.007999420166;-2.300563097;-0.023914653808
54.187999725342;-2.300563097;-0.023899566382
54.368000030518;-2.300563097;-0.023899566382
54.548000335693;-2.300563097;-0.023899566382
54.728000640869;-2.300563097;-0.023899566382
54.908000946045;-2.300563097;-0.023884478956
55.088001251221;-2.300563097;-0.023869389668
55.268001556396;-2.300563097;-0.023884478956
55.448001861572;-2.300563097;-0.023884478956
55.627998352051;-2.300563097;-0.023884478956
55.807998657227;-2.300563097;-0.023869389668
55.987998962402;-2.300563097;-0.023869389668
56.167999267578;-2.300563097;-0.023869389668
56.347999572754;-2.300563097;-0.023884478956
56.52799987793;-2.300563097;-0.023884478956
56.708000183105;-2.300563097;-0.023869389668
56.888000488281;-2.300563097;-0.023854302242
57.068000793457;-2.300563097;-0.023869389668
57.248001098633;-2.300563097;-0.023869389668
57.428001403809;-2.300563097;-0.023869389668
57.608001708984;-2.300563097;-0.023884478956
57.787998199463;-2.300563097;-0.023899566382
57.967998504639;-2.300563097;-0.023899566382
58.147998809814;-2.300563097;-0.023899566382
58.32799911499;-2.300563097;-0.023884478956
58.507999420166;-2.300563097;-0.023869389668
58.687999725342;-2.300563097;-0.023839212954
58.868000030518;-2.300563097;-0.023839212954
59.048000335693;-2.300563097;-0.023824125528
59.228000640869;-2.300563097;-0.023824125528
59.408000946045;-2.300563097;-0.023824125528
59.588001251221;-2.300563097;-0.023824125528
59.768001556396;-2.300563097;-0.023809038103
59.948001861572;-2.300563097;-0.023793948814
60.127998352051;-2.300563097;-0.023809038103
60.307998657227;-2.300563097;-0.023809038103
60.487998962402;-2.300563097;-0.023793948814
60.667999267578;-2.300563097;-0.023793948814
60.847999572754;-2.300563097;-0.023778861389
61.02799987793;-2.300563097;-0.023778861389
61.208000183105;-2.300563097;-0.023778861389
61.388000488281;-2.300563097;-0.023778861389
61.568000793457;-2.300563097;-0.023793948814
61.748001098633;-2.300563097;-0.023778861389
61.928001403809;-2.300563097;-0.023763773963
62.108001708984;-2.300563097;-0.023763773963
62.287998199463;-2.300563097;-0.023763773963
62.467998504639;-2.300563097;-0.023763773963
62.647998809814;-2.300563097;-0.023763773963
62.82799911499;-2.300563097;-0.023748684675
63.007999420166;-2.300563097;-0.023748684675
63.187999725342;-2.300563097;-0.023748684675
63.368000030518;-2.300563097;-0.023748684675
63.548000335693;-2.300563097;-0.023748684675
63.728000640869;-2.300563097;-0.023748684675
63.908000946045;-2.300563097;-0.023733597249
64.087997436523;-2.300563097;-0.023733597249
64.267997741699;-2.300563097;-0.023718509823
64.447998046875;-2.300563097;-0.023733597249
64.627998352051;-2.300563097;-0.023733597249
64.807998657227;-2.300563097;-0.023733597249
64.987998962402;-2.300563097;-0.023733597249
65.167999267578;-2.300563097;-0.023733597249
65.347999572754;-2.300563097;-0.023733597249
65.52799987793;-2.300563097;-0.023733597249
65.708000183105;-2.300563097;-0.023718509823
65.888000488281;-2.300563097;-0.023703420535
66.068000793457;-2.300563097;-0.023703420535
66.248001098633;-2.300563097;-0.023703420535
66.428001403809;-2.300563097;-0.023703420535
66.608001708984;-2.300563097;-0.023703420535
66.78800201416;-2.300563097;-0.023703420535
66.968002319336;-2.300563097;-0.023703420535
67.148002624512;-2.300563097;-0.023703420535
67.328002929688;-2.300563097;-0.023688333109
67.508003234863;-2.300563097;-0.023688333109
67.688003540039;-2.300563097;-0.023688333109
67.86799621582;-2.300563097;-0.023673243821
68.047996520996;-2.300563097;-0.023673243821
68.227996826172;-2.300563097;-0.023673243821
68.407997131348;-2.300563097;-0.023673243821
68.587997436523;-2.300563097;-0.023673243821
68.767997741699;-2.300563097;-0.023673243821
68.947998046875;-2.300563097;-0.023658156395
69.127998352051;-2.300563097;-0.023673243821
69.307998657227;-2.300563097;-0.023658156395
69.487998962402;-2.300563097;-0.023658156395
69.667999267578;-2.300563097;-0.023658156395
69.847999572754;-2.300563097;-0.023658156395
70.02799987793;-2.300563097;-0.023658156395
70.208000183105;-2.300563097;-0.023643068969
70.388000488281;-2.300563097;-0.023643068969
70.568000793457;-2.300563097;-0.023643068969
70.748001098633;-2.300563097;-0.023627979681
70.928001403809;-2.300563097;-0.023612892255
71.108001708984;-2.300563097;-0.023612892255
71.28800201416;-2.300563097;-0.023612892255
71.468002319336;-2.300563097;-0.023612892255
71.648002624512;-2.300563097;-0.023612892255
71.828002929688;-2.300720930099;-0.023597804829
72.008003234863;-2.300563097;-0.023597804829
72.188003540039;-2.300563097;-0.023597804829
72.36799621582;-2.300563097;-0.023597804829
72.547996520996;-2.300563097;-0.023612892255
72.727996826172;-2.300563097;-0.023612892255
72.907997131348;-2.300563097;-0.023612892255
73.087997436523;-2.300563097;-0.023612892255
73.267997741699;-2.300563097;-0.023597804829
73.447998046875;-2.300563097;-0.023597804829
73.627998352051;-2.300563097;-0.023597804829
73.807998657227;-2.300563097;-0.023597804829
73.987998962402;-2.300563097;-0.023597804829
74.167999267578;-2.300563097;-0.023597804829
74.347999572754;-2.300563097;-0.023582715541
74.52799987793;-2.300563097;-0.023567628115
74.708000183105;-2.300563097;-0.023567628115
74.888000488281;-2.300563097;-0.023582715541
75.068000793457;-2.300563097;-0.023582715541
75.248001098633;-2.300563097;-0.023567628115
75.428001403809;-2.300563097;-0.023567628115
75.608001708984;-2.300563097;-0.023552538827
75.78800201416;-2.300563097;-0.023552538827
75.968002319336;-2.300563097;-0.023552538827
76.148002624512;-2.300563097;-0.023552538827
76.328002929688;-2.300563097;-0.023537451401
76.508003234863;-2.300563097;-0.023537451401
76.688003540039;-2.300563097;-0.023537451401
76.86799621582;-2.300563097;-0.023537451401
77.047996520996;-2.300563097;-0.023537451401
77.227996826172;-2.300563097;-0.023537451401
77.407997131348;-2.300563097;-0.023537451401
77.587997436523;-2.300563097;-0.023537451401
77.767997741699;-2.300563097;-0.023537451401
77.947998046875;-2.300563097;-0.023522363976
78.127998352051;-2.300563097;-0.023522363976
78.307998657227;-2.300563097;-0.023522363976
78.487998962402;-2.300563097;-0.023507274687
78.667999267578;-2.300563097;-0.023507274687
78.847999572754;-2.300563097;-0.023522363976
79.02799987793;-2.300563097;-0.023522363976
79.208000183105;-2.300563097;-0.023522363976
79.388000488281;-2.300563097;-0.023522363976
79.568000793457;-2.300563097;-0.023522363976
79.748001098633;-2.300563097;-0.023537451401
79.928001403809;-2.300563097;-0.023552538827
80.108001708984;-2.300563097;-0.023552538827
80.28800201416;-2.300563097;-0.023552538827
80.468002319336;-2.300563097;-0.023537451401
80.648002624512;-2.300563097;-0.023537451401
80.828002929688;-2.300563097;-0.023507274687
81.008003234863;-2.300563097;-0.023507274687
81.188003540039;-2.300563097;-0.023507274687
81.36799621582;-2.300563097;-0.023492187262
81.547996520996;-2.300563097;-0.023492187262
81.727996826172;-2.300720930099;-0.023492187262
81.907997131348;-2.300563097;-0.023492187262
82.087997436523;-2.300720930099;-0.023492187262
82.267997741699;-2.300563097;-0.023492187262
82.447998046875;-2.300563097;-0.023492187262
82.627998352051;-2.300563097;-0.023492187262
82.807998657227;-2.300720930099;-0.023477099836
82.987998962402;-2.300720930099;-0.023462010548
83.167999267578;-2.300563097;-0.023446923122
83.347999572754;-2.300720930099;-0.023462010548
83.52799987793;-2.300720930099;-0.023446923122
83.708000183105;-2.300720930099;-0.023446923122
83.888000488281;-2.300720930099;-0.023431835696
84.068000793457;-2.300720930099;-0.023416746408
84.248001098633;-2.300720930099;-0.023416746408
84.428001403809;-2.300720930099;-0.023416746408
84.608001708984;-2.300563097;-0.023416746408
84.78800201416;-2.300720930099;-0.023416746408
84.968002319336;-2.300720930099;-0.023416746408
85.148002624512;-2.300563097;-0.023416746408
85.328002929688;-2.300720930099;-0.023401658982
85.508003234863;-2.300720930099;-0.023401658982
85.688003540039;-2.300720930099;-0.023401658982
85.86799621582;-2.300720930099;-0.023401658982
86.047996520996;-2.300720930099;-0.023401658982
86.227996826172;-2.300720930099;-0.023401658982
86.407997131348;-2.300720930099;-0.023416746408
86.587997436523;-2.300720930099;-0.023401658982
86.767997741699;-2.300720930099;-0.023401658982
86.947998046875;-2.300720930099;-0.023401658982
87.127998352051;-2.300720930099;-0.023416746408
87.307998657227;-2.300720930099;-0.023401658982
87.487998962402;-2.300720930099;-0.023401658982
87.667999267578;-2.300720930099;-0.023401658982
87.847999572754;-2.300720930099;-0.023401658982
88.02799987793;-2.300720930099;-0.023386569694
88.208000183105;-2.300720930099;-0.023386569694
88.388000488281;-2.300720930099;-0.023371482268
88.568000793457;-2.300720930099;-0.023356394842
88.748001098633;-2.300720930099;-0.023356394842
88.928001403809;-2.300720930099;-0.023356394842
89.108001708984;-2.300720930099;-0.023341305554
89.28800201416;-2.300720930099;-0.023356394842
89.468002319336;-2.300720930099;-0.023341305554
89.648002624512;-2.300720930099;-0.023341305554
89.828002929688;-2.300720930099;-0.023356394842
90.008003234863;-2.300720930099;-0.023341305554
90.188003540039;-2.300720930099;-0.023341305554
90.36799621582;-2.300720930099;-0.023326218128
90.547996520996;-2.300720930099;-0.023326218128
90.727996826172;-2.300720930099;-0.023326218128
90.907997131348;-2.300720930099;-0.023326218128
91.087997436523;-2.300720930099;-0.023311130702
91.267997741699;-2.300720930099;-0.023280953988
91.447998046875;-2.300720930099;-0.023280953988
91.627998352051;-2.300720930099;-0.023280953988
91.807998657227;-2.300720930099;-0.023280953988
91.987998962402;-2.300720930099;-0.023280953988
92.167999267578;-2.300720930099;-0.023296041414
92.347999572754;-2.300720930099;-0.023296041414
92.52799987793;-2.300720930099;-0.023280953988
92.708000183105;-2.300720930099;-0.023280953988
92.888000488281;-2.300720930099;-0.023296041414
93.068000793457;-2.300720930099;-0.023296041414
93.248001098633;-2.300720930099;-0.023296041414
93.428001403809;-2.300720930099;-0.023296041414
93.608001708984;-2.300720930099;-0.023280953988
93.78800201416;-2.300720930099;-0.023280953988
93.968002319336;-2.300720930099;-0.023280953988
94.148002624512;-2.300720930099;-0.023280953988
94.328002929688;-2.300720930099;-0.023280953988
94.508003234863;-2.300720930099;-0.023280953988
94.688003540039;-2.300720930099;-0.023280953988
94.86799621582;-2.300720930099;-0.0232658647
95.047996520996;-2.300720930099;-0.023280953988
95.227996826172;-2.300720930099;-0.0232658647
95.407997131348;-2.300720930099;-0.0232658647
95.587997436523;-2.300720930099;-0.0232658647
95.767997741699;-2.300720930099;-0.0232658647
95.947998046875;-2.300720930099;-0.0232658647
96.127998352051;-2.300720930099;-0.023250777274
96.307998657227;-2.300720930099;-0.023250777274
96.487998962402;-2.300720930099;-0.023250777274
96.667999267578;-2.300720930099;-0.023250777274
96.847999572754;-2.300720930099;-0.023250777274
97.02799987793;-2.300720930099;-0.023250777274
97.208000183105;-2.300720930099;-0.023250777274
97.388000488281;-2.300720930099;-0.023250777274
97.568000793457;-2.300720930099;-0.023235689849
97.748001098633;-2.300720930099;-0.023235689849
97.928001403809;-2.300720930099;-0.023235689849
98.108001708984;-2.300720930099;-0.02322060056
98.28800201416;-2.300720930099;-0.02322060056
98.468002319336;-2.300720930099;-0.02322060056
98.648002624512;-2.300720930099;-0.02322060056
98.828002929688;-2.300720930099;-0.02322060056
99.008003234863;-2.300720930099;-0.02322060056
99.188003540039;-2.300720930099;-0.02322060056
99.36799621582;-2.300720930099;-0.02322060056
99.547996520996;-2.300720930099;-0.02322060056
99.727996826172;-2.300720930099;-0.02322060056
99.907997131348;-2.300720930099;-0.02322060056
100.087997436523;-2.300720930099;-0.023235689849
100.267997741699;-2.300720930099;-0.023250777274
100.447998046875;-2.300720930099;-0.023250777274
100.627998352051;-2.300720930099;-0.023250777274
100.807998657227;-2.300720930099;-0.023235689849
100.987998962402;-2.300720930099;-0.023235689849
101.167999267578;-2.300720930099;-0.023235689849
101.347999572754;-2.300720930099;-0.02322060056
101.52799987793;-2.300563097;-0.02322060056
101.708000183105;-2.300720930099;-0.02322060056
101.888000488281;-2.300720930099;-0.02322060056
102.068000793457;-2.300720930099;-0.02322060056
102.248001098633;-2.300720930099;-0.023205513135
102.428001403809;-2.300720930099;-0.023190425709
102.608001708984;-2.300720930099;-0.023190425709
102.78800201416;-2.300720930099;-0.023190425709
102.968002319336;-2.300720930099;-0.023175336421
103.148002624512;-2.300720930099;-0.023175336421
103.328002929688;-2.300720930099;-0.023175336421
103.508003234863;-2.300720930099;-0.023175336421
103.688003540039;-2.300563097;-0.023160248995
103.86799621582;-2.300720930099;-0.023160248995
104.047996520996;-2.300720930099;-0.023160248995
104.227996826172;-2.300720930099;-0.023145161569
104.407997131348;-2.300563097;-0.023145161569
104.587997436523;-2.300720930099;-0.023130072281
104.767997741699;-2.300720930099;-0.023130072281
104.947998046875;-2.300720930099;-0.023145161569
105.127998352051;-2.300720930099;-0.023145161569
105.307998657227;-2.300720930099;-0.023130072281
105.487998962402;-2.300720930099;-0.023130072281
105.667999267578;-2.300720930099;-0.023130072281
105.847999572754;-2.300720930099;-0.023130072281
106.02799987793;-2.300720930099;-0.023130072281
106.208000183105;-2.300720930099;-0.023130072281
106.388000488281;-2.300720930099;-0.023130072281
106.568000793457;-2.300720930099;-0.023130072281
106.748001098633;-2.300720930099;-0.023130072281
106.928001403809;-2.300720930099;-0.023130072281
107.108001708984;-2.300720930099;-0.023130072281
107.28800201416;-2.300720930099;-0.023130072281
107.468002319336;-2.300720930099;-0.023114984855
107.648002624512;-2.300720930099;-0.023114984855
107.828002929688;-2.300720930099;-0.023114984855
108.008003234863;-2.300720930099;-0.023114984855
108.188003540039;-2.300720930099;-0.023099895567
108.36799621582;-2.300720930099;-0.023099895567
108.547996520996;-2.300720930099;-0.023099895567
108.727996826172;-2.300720930099;-0.023084808141
108.907997131348;-2.300720930099;-0.023084808141
109.087997436523;-2.300720930099;-0.023084808141
109.267997741699;-2.300720930099;-0.023084808141
109.447998046875;-2.300720930099;-0.023084808141
109.627998352051;-2.300720930099;-0.023084808141
109.807998657227;-2.300720930099;-0.023069720715
109.987998962402;-2.300720930099;-0.023069720715
110.167999267578;-2.300720930099;-0.023069720715
110.347999572754;-2.300720930099;-0.023069720715
110.52799987793;-2.300720930099;-0.023069720715
110.708000183105;-2.300720930099;-0.023054631427
110.888000488281;-2.300720930099;-0.023054631427
111.068000793457;-2.300720930099;-0.023069720715
111.248001098633;-2.300720930099;-0.023069720715
111.428001403809;-2.300720930099;-0.023054631427
111.608001708984;-2.300720930099;-0.023054631427
111.78800201416;-2.300720930099;-0.023039544001
111.968002319336;-2.300720930099;-0.023039544001
112.148002624512;-2.300720930099;-0.023054631427
112.328002929688;-2.300720930099;-0.023054631427
112.508003234863;-2.300720930099;-0.023054631427
112.688003540039;-2.300720930099;-0.023054631427
112.86799621582;-2.300720930099;-0.023054631427
113.047996520996;-2.300720930099;-0.023039544001
113.227996826172;-2.300720930099;-0.023054631427
113.407997131348;-2.300720930099;-0.023054631427
113.587997436523;-2.300720930099;-0.023039544001
113.767997741699;-2.300720930099;-0.023054631427
113.947998046875;-2.300720930099;-0.023054631427
114.127998352051;-2.300720930099;-0.023039544001
114.307998657227;-2.300720930099;-0.023039544001
114.487998962402;-2.300720930099;-0.023039544001
114.667999267578;-2.300720930099;-0.023039544001
114.847999572754;-2.300720930099;-0.023039544001
115.02799987793;-2.300720930099;-0.023054631427
115.208000183105;-2.300720930099;-0.023054631427
115.388000488281;-2.300720930099;-0.023039544001
115.568000793457;-2.300720930099;-0.023039544001
115.748001098633;-2.300720930099;-0.023039544001
115.928001403809;-2.300720930099;-0.023024456576
116.108001708984;-2.300720930099;-0.023024456576
116.28800201416;-2.300720930099;-0.023024456576
116.468002319336;-2.300720930099;-0.023024456576
116.648002624512;-2.300720930099;-0.023024456576
116.828002929688;-2.300720930099;-0.023009367287
117.008003234863;-2.300720930099;-0.023009367287
117.188003540039;-2.300720930099;-0.023009367287
117.36799621582;-2.300720930099;-0.023009367287
117.547996520996;-2.300720930099;-0.023009367287
117.727996826172;-2.300720930099;-0.023009367287
117.907997131348;-2.300720930099;-0.023009367287
118.087997436523;-2.300720930099;-0.023009367287
118.267997741699;-2.300720930099;-0.023009367287
118.447998046875;-2.300720930099;-0.023009367287
118.627998352051;-2.300720930099;-0.023009367287
118.807998657227;-2.300720930099;-0.023009367287
118.987998962402;-2.300720930099;-0.023009367287
119.167999267578;-2.300720930099;-0.022994279861
119.347999572754;-2.300720930099;-0.023009367287
119.52799987793;-2.300720930099;-0.023009367287
119.708000183105;-2.300720930099;-0.022994279861
119.888000488281;-2.300720930099;-0.022994279861
120.068000793457;-2.300720930099;-0.022994279861
120.248001098633;-2.300720930099;-0.022994279861
120.428001403809;-2.300720930099;-0.022979192436
120.608001708984;-2.300720930099;-0.022979192436
120.78800201416;-2.300720930099;-0.022979192436
120.968002319336;-2.300720930099;-0.022964103147
121.148002624512;-2.300720930099;-0.022964103147
121.328002929688;-2.300720930099;-0.022964103147
121.508003234863;-2.300720930099;-0.022964103147
121.688003540039;-2.300720930099;-0.022964103147
121.86799621582;-2.300720930099;-0.022949015722
122.047996520996;-2.300720930099;-0.022964103147
122.227996826172;-2.300720930099;-0.022964103147
122.407997131348;-2.300720930099;-0.022964103147
122.587997436523;-2.300720930099;-0.022964103147
122.767997741699;-2.300720930099;-0.022949015722
122.947998046875;-2.300720930099;-0.022949015722
123.127998352051;-2.300720930099;-0.022949015722
123.307998657227;-2.300720930099;-0.022949015722
123.487998962402;-2.300720930099;-0.022949015722
123.667999267578;-2.300720930099;-0.022949015722
123.847999572754;-2.300720930099;-0.022933926433
124.02799987793;-2.300720930099;-0.022933926433
124.208000183105;-2.300720930099;-0.022918839008
124.388000488281;-2.300720930099;-0.022918839008
124.568000793457;-2.300720930099;-0.022918839008
124.748001098633;-2.300720930099;-0.022918839008
124.928001403809;-2.300720930099;-0.022918839008
125.108001708984;-2.300720930099;-0.022918839008
125.28800201416;-2.300720930099;-0.022918839008
125.468002319336;-2.300720930099;-0.022918839008
125.648002624512;-2.300720930099;-0.022918839008
125.828002929688;-2.300720930099;-0.022918839008
126.008003234863;-2.300720930099;-0.022918839008
126.188003540039;-2.300720930099;-0.022903751582
126.36799621582;-2.300720930099;-0.022888662294
126.547996520996;-2.300720930099;-0.022888662294
126.727996826172;-2.300720930099;-0.022873574868
126.907997131348;-2.300720930099;-0.022873574868
127.087997436523;-2.300720930099;-0.022873574868
127.267997741699;-2.300720930099;-0.022873574868
127.447998046875;-2.300720930099;-0.022873574868
127.627998352051;-2.300720930099;-0.022873574868
127.807998657227;-2.300720930099;-0.022873574868
127.987998962402;-2.300720930099;-0.022873574868
128.167999267578;-2.300720930099;-0.022873574868
128.348007202148;-2.300720930099;-0.022873574868
128.52799987793;-2.300720930099;-0.022873574868
128.707992553711;-2.300720930099;-0.022873574868
128.888000488281;-2.300720930099;-0.022873574868
129.067993164063;-2.300720930099;-0.022873574868
129.248001098633;-2.300720930099;-0.022873574868
129.427993774414;-2.300720930099;-0.022858487442
129.608001708984;-2.300720930099;-0.022858487442
129.787994384766;-2.300720930099;-0.022858487442
129.968002319336;-2.300720930099;-0.022873574868
130.147994995117;-2.300720930099;-0.022873574868
130.328002929688;-2.300720930099;-0.022858487442
130.507995605469;-2.300720930099;-0.022858487442
130.688003540039;-2.300720930099;-0.022873574868
130.86799621582;-2.300720930099;-0.022873574868
131.048004150391;-2.300720930099;-0.022873574868
131.227996826172;-2.300720930099;-0.022873574868
131.408004760742;-2.300720930099;-0.022873574868
131.587997436523;-2.300720930099;-0.022858487442
131.768005371094;-2.300720930099;-0.022873574868
131.947998046875;-2.300720930099;-0.022873574868
132.128005981445;-2.300720930099;-0.022858487442
132.307998657227;-2.300720930099;-0.022858487442
132.488006591797;-2.300720930099;-0.022858487442
132.667999267578;-2.300720930099;-0.022858487442
132.848007202148;-2.300720930099;-0.022858487442
133.02799987793;-2.300720930099;-0.022843398154
133.207992553711;-2.300720930099;-0.022843398154
133.388000488281;-2.300720930099;-0.022843398154
133.567993164063;-2.300720930099;-0.022828310728
133.748001098633;-2.300720930099;-0.022828310728
133.927993774414;-2.300720930099;-0.022828310728
134.108001708984;-2.300720930099;-0.02281322144
134.287994384766;-2.300720930099;-0.02281322144
134.468002319336;-2.300720930099;-0.022828310728
134.647994995117;-2.300720930099;-0.022828310728
134.828002929688;-2.300720930099;-0.022828310728
135.007995605469;-2.300720930099;-0.02281322144
135.188003540039;-2.300720930099;-0.022828310728
135.36799621582;-2.300720930099;-0.022828310728
135.548004150391;-2.300720930099;-0.022828310728
135.727996826172;-2.300720930099;-0.022828310728
135.908004760742;-2.300720930099;-0.022828310728
136.087997436523;-2.300720930099;-0.02281322144
136.268005371094;-2.300720930099;-0.02281322144
136.447998046875;-2.300720930099;-0.02281322144
136.628005981445;-2.300720930099;-0.02281322144
136.807998657227;-2.300720930099;-0.02281322144
136.988006591797;-2.300720930099;-0.022828310728
137.167999267578;-2.300720930099;-0.022828310728
137.348007202148;-2.300720930099;-0.022828310728
137.52799987793;-2.300720930099;-0.022828310728
137.707992553711;-2.300720930099;-0.022828310728
137.888000488281;-2.300720930099;-0.022828310728
138.067993164063;-2.300720930099;-0.02281322144
138.248001098633;-2.300720930099;-0.02281322144
138.427993774414;-2.300720930099;-0.02281322144
138.608001708984;-2.300720930099;-0.02281322144
138.787994384766;-2.300720930099;-0.022798134014
138.968002319336;-2.300720930099;-0.022798134014
139.147994995117;-2.300720930099;-0.022798134014
139.328002929688;-2.300720930099;-0.022798134014
139.507995605469;-2.300720930099;-0.022798134014
139.688003540039;-2.300720930099;-0.022783046588
139.86799621582;-2.300720930099;-0.022783046588
140.048004150391;-2.300720930099;-0.022783046588
140.227996826172;-2.300720930099;-0.022783046588
140.408004760742;-2.300720930099;-0.022783046588
140.587997436523;-2.300720930099;-0.022783046588
140.768005371094;-2.300720930099;-0.022783046588
140.947998046875;-2.300720930099;-0.0227679573
141.128005981445;-2.300720930099;-0.0227679573
141.307998657227;-2.300720930099;-0.0227679573
141.488006591797;-2.300720930099;-0.022752869874
141.667999267578;-2.300720930099;-0.0227679573
141.848007202148;-2.300720930099;-0.022752869874
142.02799987793;-2.300720930099;-0.0227679573
142.207992553711;-2.300720930099;-0.0227679573
142.388000488281;-2.300720930099;-0.022752869874
142.567993164063;-2.300720930099;-0.022752869874
142.748001098633;-2.300720930099;-0.022752869874
142.927993774414;-2.300720930099;-0.022752869874
143.108001708984;-2.300720930099;-0.022752869874
143.287994384766;-2.300720930099;-0.022752869874
143.468002319336;-2.300720930099;-0.022752869874
143.647994995117;-2.300720930099;-0.022752869874
143.828002929688;-2.300720930099;-0.022737782449
144.007995605469;-2.300720930099;-0.022737782449
144.188003540039;-2.300720930099;-0.02272269316
144.36799621582;-2.300720930099;-0.02272269316
144.548004150391;-2.300720930099;-0.02272269316
144.727996826172;-2.300720930099;-0.02272269316
144.908004760742;-2.300720930099;-0.022737782449
145.087997436523;-2.300720930099;-0.022737782449
145.268005371094;-2.300720930099;-0.022737782449
145.447998046875;-2.300720930099;-0.02272269316
145.628005981445;-2.300720930099;-0.022737782449
145.807998657227;-2.300720930099;-0.022737782449
145.988006591797;-2.300720930099;-0.022737782449
146.167999267578;-2.300720930099;-0.022737782449
146.348007202148;-2.300720930099;-0.022737782449
146.52799987793;-2.300720930099;-0.022737782449
146.707992553711;-2.300720930099;-0.022737782449
146.888000488281;-2.300720930099;-0.02272269316
147.067993164063;-2.300720930099;-0.02272269316
147.248001098633;-2.300720930099;-0.02272269316
147.427993774414;-2.300720930099;-0.02272269316
147.608001708984;-2.300720930099;-0.02272269316
147.787994384766;-2.300720930099;-0.022707605734
147.968002319336;-2.300720930099;-0.022707605734
148.147994995117;-2.300720930099;-0.022707605734
148.328002929688;-2.300720930099;-0.022707605734
148.507995605469;-2.300720930099;-0.022707605734
148.688003540039;-2.300720930099;-0.022707605734
148.86799621582;-2.300720930099;-0.022707605734
149.048004150391;-2.300720930099;-0.022707605734
149.227996826172;-2.300720930099;-0.022707605734
149.408004760742;-2.300720930099;-0.022692518309
149.587997436523;-2.300720930099;-0.022692518309
149.768005371094;-2.300720930099;-0.022692518309
149.947998046875;-2.300720930099;-0.022692518309
150.128005981445;-2.300720930099;-0.022692518309
150.307998657227;-2.300720930099;-0.02267742902
150.488006591797;-2.300720930099;-0.02267742902
150.667999267578;-2.300720930099;-0.02267742902
150.848007202148;-2.300720930099;-0.02267742902
151.02799987793;-2.300720930099;-0.022692518309
151.207992553711;-2.300720930099;-0.02267742902
151.388000488281;-2.300720930099;-0.02267742902
151.567993164063;-2.300720930099;-0.022662341595
151.748001098633;-2.300720930099;-0.022662341595
151.927993774414;-2.300720930099;-0.022662341595
152.108001708984;-2.300720930099;-0.022662341595
152.287994384766;-2.300720930099;-0.022662341595
152.468002319336;-2.300720930099;-0.022662341595
152.647994995117;-2.300720930099;-0.022662341595
152.828002929688;-2.300720930099;-0.022662341595
153.007995605469;-2.300720930099;-0.022647252306
153.188003540039;-2.300720930099;-0.022662341595
153.36799621582;-2.300720930099;-0.022662341595
153.548004150391;-2.300720930099;-0.022662341595
153.727996826172;-2.300720930099;-0.02267742902
153.908004760742;-2.300720930099;-0.022692518309
154.087997436523;-2.300720930099;-0.022707605734
154.268005371094;-2.300720930099;-0.022707605734
154.447998046875;-2.300720930099;-0.022692518309
154.628005981445;-2.300720930099;-0.022692518309
154.807998657227;-2.300720930099;-0.02267742902
154.988006591797;-2.300720930099;-0.02267742902
155.167999267578;-2.300720930099;-0.022662341595
155.348007202148;-2.300720930099;-0.022662341595
155.52799987793;-2.300720930099;-0.022662341595
155.707992553711;-2.300720930099;-0.022662341595
155.888000488281;-2.300720930099;-0.022647252306
156.067993164063;-2.300720930099;-0.022647252306
156.248001098633;-2.300720930099;-0.022662341595
156.427993774414;-2.300720930099;-0.022662341595
156.608001708984;-2.300720930099;-0.022662341595
156.787994384766;-2.300720930099;-0.022647252306
156.968002319336;-2.300720930099;-0.022647252306
157.147994995117;-2.300720930099;-0.022632164881
157.328002929688;-2.300720930099;-0.022632164881
157.507995605469;-2.300720930099;-0.022632164881
157.688003540039;-2.300720930099;-0.022632164881
157.86799621582;-2.300720930099;-0.022617077455
158.048004150391;-2.300720930099;-0.022617077455
158.227996826172;-2.300720930099;-0.022617077455
158.408004760742;-2.300720930099;-0.022617077455
158.587997436523;-2.300720930099;-0.022617077455
158.768005371094;-2.300720930099;-0.022617077455
158.947998046875;-2.300720930099;-0.022617077455
159.128005981445;-2.300720930099;-0.022617077455
159.307998657227;-2.300720930099;-0.022617077455
159.488006591797;-2.300720930099;-0.022617077455
159.667999267578;-2.300720930099;-0.022617077455
159.848007202148;-2.300720930099;-0.022632164881
160.02799987793;-2.300720930099;-0.022632164881
160.207992553711;-2.300720930099;-0.022617077455
